<?xml version="1.0"?>
<opencv_storage>
<stage0>
  <maxWeakCount>11</maxWeakCount>
  <stageThreshold>-8.1410694122314453e-01</stageThreshold>
  <weakClassifiers>
    <_>
      <internalNodes>
        0 -1 26778 1.0076286643743515e-01</internalNodes>
      <leafValues>
        5.4216867685317993e-01 -5.9259259700775146e-01</leafValues></_>
    <_>
      <internalNodes>
        0 -1 95560 -1.3688603043556213e-01</internalNodes>
      <leafValues>
        -5.9007006883621216e-01 3.7632858753204346e-01</leafValues></_>
    <_>
      <internalNodes>
        0 -1 2268 -2.5129850953817368e-02</internalNodes>
      <leafValues>
        7.7200698852539063e-01 -1.5280865132808685e-01</leafValues></_>
    <_>
      <internalNodes>
        0 -1 51109 3.1086397171020508e-01</internalNodes>
      <leafValues>
        1.2237939238548279e-01 -9.3200486898422241e-01</leafValues></_>
    <_>
      <internalNodes>
        0 -1 145512 5.3163059055805206e-02</internalNodes>
      <leafValues>
        -1.7064903676509857e-01 7.9449570178985596e-01</leafValues></_>
    <_>
      <internalNodes>
        0 -1 159496 -2.2169789299368858e-03</internalNodes>
      <leafValues>
        -9.1315841674804688e-01 1.0624410212039948e-01</leafValues></_>
    <_>
      <internalNodes>
        0 -1 19705 -2.0643351599574089e-02</internalNodes>
      <leafValues>
        7.1599936485290527e-01 -2.0347499847412109e-01</leafValues></_>
    <_>
      <internalNodes>
        0 -1 150143 1.9752667285501957e-03</internalNodes>
      <leafValues>
        2.3326346278190613e-01 -5.1412445306777954e-01</leafValues></_>
    <_>
      <internalNodes>
        0 -1 157401 1.9751475192606449e-03</internalNodes>
      <leafValues>
        1.5296533703804016e-01 -7.1775758266448975e-01</leafValues></_>
    <_>
      <internalNodes>
        0 -1 25205 1.4706418849527836e-02</internalNodes>
      <leafValues>
        -2.6517972350120544e-01 4.3676272034645081e-01</leafValues></_>
    <_>
      <internalNodes>
        0 -1 157567 1.5682950615882874e-03</internalNodes>
      <leafValues>
        1.5844249725341797e-01 -6.5869277715682983e-01</leafValues></_></weakClassifiers></stage0>
</opencv_storage>
